SerialNumber,ExptColony,Source,ColonySize,Treatment,SizeTreatment,Pair,Date,Trial,Day,Latency,NumAttack
15,40Sa,C40,Small,Fence,SmallFence,16,08-11-17,1,A,12.88,1
74,40Sa,C40,Small,Fence,SmallFence,16,09-11-17,1,B,2.06,4
133,40Sa,C40,Small,Fence,SmallFence,16,17-11-17,2,A,77.14,4
192,40Sa,C40,Small,Fence,SmallFence,16,18-11-17,2,B,16.81,5
251,40Sa,C40,Small,Fence,SmallFence,16,24-11-17,3,A,3.57,4
310,40Sa,C40,Small,Fence,SmallFence,16,25-11-17,3,B,180,0
43,40Sb,C40,Small,Tree,SmallTree,14,08-11-17,1,A,8.34,6
102,40Sb,C40,Small,Tree,SmallTree,14,09-11-17,1,B,24.87,7
161,40Sb,C40,Small,Tree,SmallTree,14,17-11-17,2,A,NA,NA
220,40Sb,C40,Small,Tree,SmallTree,14,18-11-17,2,B,NA,NA
279,40Sb,C40,Small,Tree,SmallTree,14,24-11-17,3,A,NA,NA
338,40Sb,C40,Small,Tree,SmallTree,14,25-11-17,3,B,NA,NA
28,41La,C41,Large,Fence,LargeFence,29,08-11-17,1,A,6.53,5
87,41La,C41,Large,Fence,LargeFence,29,09-11-17,1,B,5.06,4
146,41La,C41,Large,Fence,LargeFence,29,17-11-17,2,A,18.03,6
205,41La,C41,Large,Fence,LargeFence,29,18-11-17,2,B,38.53,5
264,41La,C41,Large,Fence,LargeFence,29,24-11-17,3,A,7.41,9
323,41La,C41,Large,Fence,LargeFence,29,25-11-17,3,B,6.5,5
10,41Sa,C41,Small,Fence,SmallFence,11,08-11-17,1,A,17.28,4
69,41Sa,C41,Small,Fence,SmallFence,11,09-11-17,1,B,13.56,6
128,41Sa,C41,Small,Fence,SmallFence,11,17-11-17,2,A,19.5,4
187,41Sa,C41,Small,Fence,SmallFence,11,18-11-17,2,B,39.56,4
246,41Sa,C41,Small,Fence,SmallFence,11,24-11-17,3,A,35.97,8
305,41Sa,C41,Small,Fence,SmallFence,11,25-11-17,3,B,13.59,2
5,42La,C42,Large,Fence,LargeFence,6,08-11-17,1,A,5.63,6
64,42La,C42,Large,Fence,LargeFence,6,09-11-17,1,B,10.69,2
123,42La,C42,Large,Fence,LargeFence,6,17-11-17,2,A,11.1,8
182,42La,C42,Large,Fence,LargeFence,6,18-11-17,2,B,3,3
241,42La,C42,Large,Fence,LargeFence,6,24-11-17,3,A,12.34,14
300,42La,C42,Large,Fence,LargeFence,6,25-11-17,3,B,23.62,6
26,43La,C43,Large,Fence,LargeFence,27,08-11-17,1,A,4.5,4
85,43La,C43,Large,Fence,LargeFence,27,09-11-17,1,B,6.68,20
144,43La,C43,Large,Fence,LargeFence,27,17-11-17,2,A,57.4,2
203,43La,C43,Large,Fence,LargeFence,27,18-11-17,2,B,10.56,15
262,43La,C43,Large,Fence,LargeFence,27,24-11-17,3,A,3.5,8
321,43La,C43,Large,Fence,LargeFence,27,25-11-17,3,B,6.78,9
19,43Sa,C43,Small,Fence,SmallFence,20,08-11-17,1,A,24.65,4
78,43Sa,C43,Small,Fence,SmallFence,20,09-11-17,1,B,3.97,1
137,43Sa,C43,Small,Fence,SmallFence,20,17-11-17,2,A,14.16,1
196,43Sa,C43,Small,Fence,SmallFence,20,18-11-17,2,B,20.13,1
255,43Sa,C43,Small,Fence,SmallFence,20,24-11-17,3,A,15.1,4
314,43Sa,C43,Small,Fence,SmallFence,20,25-11-17,3,B,140.16,1
41,43Sb,C43,Small,Tree,SmallTree,12,08-11-17,1,A,22.41,1
100,43Sb,C43,Small,Tree,SmallTree,12,09-11-17,1,B,8.91,4
159,43Sb,C43,Small,Tree,SmallTree,12,17-11-17,2,A,8.4,5
218,43Sb,C43,Small,Tree,SmallTree,12,18-11-17,2,B,4.62,4
277,43Sb,C43,Small,Tree,SmallTree,12,24-11-17,3,A,43.5,5
336,43Sb,C43,Small,Tree,SmallTree,12,25-11-17,3,B,128.47,1
1,44Sa,C44,Small,Fence,SmallFence,1,08-11-17,1,A,42.22,6
60,44Sa,C44,Small,Fence,SmallFence,1,09-11-17,1,B,40.94,2
119,44Sa,C44,Small,Fence,SmallFence,1,17-11-17,2,A,10.29,2
178,44Sa,C44,Small,Fence,SmallFence,1,18-11-17,2,B,2.72,4
237,44Sa,C44,Small,Fence,SmallFence,1,24-11-17,3,A,13.47,8
296,44Sa,C44,Small,Fence,SmallFence,1,25-11-17,3,B,5.68,1
40,44Sb,C44,Small,Tree,SmallTree,11,08-11-17,1,A,62.5,2
99,44Sb,C44,Small,Tree,SmallTree,11,09-11-17,1,B,4.78,6
158,44Sb,C44,Small,Tree,SmallTree,11,17-11-17,2,A,NA,NA
217,44Sb,C44,Small,Tree,SmallTree,11,18-11-17,2,B,NA,NA
276,44Sb,C44,Small,Tree,SmallTree,11,24-11-17,3,A,NA,NA
335,44Sb,C44,Small,Tree,SmallTree,11,25-11-17,3,B,NA,NA
32,46La,C46,Large,Tree,LargeTree,3,08-11-17,1,A,10.25,1
91,46La,C46,Large,Tree,LargeTree,3,09-11-17,1,B,15.6,4
150,46La,C46,Large,Tree,LargeTree,3,17-11-17,2,A,13.57,4
209,46La,C46,Large,Tree,LargeTree,3,18-11-17,2,B,18.66,3
268,46La,C46,Large,Tree,LargeTree,3,24-11-17,3,A,30.16,7
327,46La,C46,Large,Tree,LargeTree,3,25-11-17,3,B,23.15,6
16,46Sa,C46,Small,Fence,SmallFence,17,08-11-17,1,A,6.57,4
75,46Sa,C46,Small,Fence,SmallFence,17,09-11-17,1,B,1.81,6
134,46Sa,C46,Small,Fence,SmallFence,17,17-11-17,2,A,5.91,1
193,46Sa,C46,Small,Fence,SmallFence,17,18-11-17,2,B,10.13,7
252,46Sa,C46,Small,Fence,SmallFence,17,24-11-17,3,A,3.22,6
311,46Sa,C46,Small,Fence,SmallFence,17,25-11-17,3,B,26.34,8
54,46Sb,C46,Small,Tree,SmallTree,25,08-11-17,1,A,3,7
113,46Sb,C46,Small,Tree,SmallTree,25,09-11-17,1,B,26.85,1
172,46Sb,C46,Small,Tree,SmallTree,25,17-11-17,2,A,NA,NA
231,46Sb,C46,Small,Tree,SmallTree,25,18-11-17,2,B,NA,NA
290,46Sb,C46,Small,Tree,SmallTree,25,24-11-17,3,A,37.75,1
349,46Sb,C46,Small,Tree,SmallTree,25,25-11-17,3,B,19.43,1
13,47Sa,C47,Small,Fence,SmallFence,14,08-11-17,1,A,5.09,3
72,47Sa,C47,Small,Fence,SmallFence,14,09-11-17,1,B,3.85,5
131,47Sa,C47,Small,Fence,SmallFence,14,17-11-17,2,A,5.84,1
190,47Sa,C47,Small,Fence,SmallFence,14,18-11-17,2,B,11.93,3
249,47Sa,C47,Small,Fence,SmallFence,14,24-11-17,3,A,3.75,7
308,47Sa,C47,Small,Fence,SmallFence,14,25-11-17,3,B,3.09,3
45,47Sb,C47,Small,Tree,SmallTree,16,08-11-17,1,A,15.53,1
104,47Sb,C47,Small,Tree,SmallTree,16,09-11-17,1,B,18.03,4
163,47Sb,C47,Small,Tree,SmallTree,16,17-11-17,2,A,20.32,1
222,47Sb,C47,Small,Tree,SmallTree,16,18-11-17,2,B,5.25,2
281,47Sb,C47,Small,Tree,SmallTree,16,24-11-17,3,A,31.66,5
340,47Sb,C47,Small,Tree,SmallTree,16,25-11-17,3,B,2.93,3
33,48Sa,C48,Small,Tree,SmallTree,4,08-11-17,1,A,17.06,2
92,48Sa,C48,Small,Tree,SmallTree,4,09-11-17,1,B,180,0
151,48Sa,C48,Small,Tree,SmallTree,4,17-11-17,2,A,NA,NA
210,48Sa,C48,Small,Tree,SmallTree,4,18-11-17,2,B,NA,NA
269,48Sa,C48,Small,Tree,SmallTree,4,24-11-17,3,A,NA,NA
328,48Sa,C48,Small,Tree,SmallTree,4,25-11-17,3,B,NA,NA
14,49Sa,C49,Small,Fence,SmallFence,15,08-11-17,1,A,15.5,2
73,49Sa,C49,Small,Fence,SmallFence,15,09-11-17,1,B,1.69,5
132,49Sa,C49,Small,Fence,SmallFence,15,17-11-17,2,A,32.75,4
191,49Sa,C49,Small,Fence,SmallFence,15,18-11-17,2,B,4.6,2
250,49Sa,C49,Small,Fence,SmallFence,15,24-11-17,3,A,4.07,1
309,49Sa,C49,Small,Fence,SmallFence,15,25-11-17,3,B,2.12,4
30,49Sb,C49,Small,Tree,SmallTree,1,08-11-17,1,A,18.35,2
89,49Sb,C49,Small,Tree,SmallTree,1,09-11-17,1,B,14.06,4
148,49Sb,C49,Small,Tree,SmallTree,1,17-11-17,2,A,180,0
207,49Sb,C49,Small,Tree,SmallTree,1,18-11-17,2,B,10.16,3
266,49Sb,C49,Small,Tree,SmallTree,1,24-11-17,3,A,59.28,3
325,49Sb,C49,Small,Tree,SmallTree,1,25-11-17,3,B,10.31,6
31,50La,C50,Large,Tree,LargeTree,2,08-11-17,1,A,14.97,8
90,50La,C50,Large,Tree,LargeTree,2,09-11-17,1,B,5.5,6
149,50La,C50,Large,Tree,LargeTree,2,17-11-17,2,A,180,0
208,50La,C50,Large,Tree,LargeTree,2,18-11-17,2,B,NA,NA
267,50La,C50,Large,Tree,LargeTree,2,24-11-17,3,A,NA,NA
326,50La,C50,Large,Tree,LargeTree,2,25-11-17,3,B,NA,NA
11,51Sa,C51,Small,Fence,SmallFence,12,08-11-17,1,A,13.87,5
70,51Sa,C51,Small,Fence,SmallFence,12,09-11-17,1,B,1.47,6
129,51Sa,C51,Small,Fence,SmallFence,12,17-11-17,2,A,165.47,1
188,51Sa,C51,Small,Fence,SmallFence,12,18-11-17,2,B,5.35,3
247,51Sa,C51,Small,Fence,SmallFence,12,24-11-17,3,A,5.75,6
306,51Sa,C51,Small,Fence,SmallFence,12,25-11-17,3,B,1.19,1
38,52La,C52,Large,Tree,LargeTree,9,08-11-17,1,A,9.37,3
97,52La,C52,Large,Tree,LargeTree,9,09-11-17,1,B,9.69,4
156,52La,C52,Large,Tree,LargeTree,9,17-11-17,2,A,NA,NA
215,52La,C52,Large,Tree,LargeTree,9,18-11-17,2,B,NA,NA
274,52La,C52,Large,Tree,LargeTree,9,24-11-17,3,A,79.69,2
333,52La,C52,Large,Tree,LargeTree,9,25-11-17,3,B,22.62,2
35,54La,C54,Large,Tree,LargeTree,6,08-11-17,1,A,82.97,4
94,54La,C54,Large,Tree,LargeTree,6,09-11-17,1,B,27.44,19
153,54La,C54,Large,Tree,LargeTree,6,17-11-17,2,A,180,0
212,54La,C54,Large,Tree,LargeTree,6,18-11-17,2,B,9.31,7
271,54La,C54,Large,Tree,LargeTree,6,24-11-17,3,A,50.78,2
330,54La,C54,Large,Tree,LargeTree,6,25-11-17,3,B,12.5,2
3,54Sa,C54,Small,Fence,SmallFence,4,08-11-17,1,A,24.19,5
62,54Sa,C54,Small,Fence,SmallFence,4,09-11-17,1,B,4.6,5
121,54Sa,C54,Small,Fence,SmallFence,4,17-11-17,2,A,116.28,4
180,54Sa,C54,Small,Fence,SmallFence,4,18-11-17,2,B,11.41,8
239,54Sa,C54,Small,Fence,SmallFence,4,24-11-17,3,A,9.29,2
298,54Sa,C54,Small,Fence,SmallFence,4,25-11-17,3,B,5.6,2
51,55La,C55,Large,Tree,LargeTree,22,08-11-17,1,A,10.69,3
110,55La,C55,Large,Tree,LargeTree,22,09-11-17,1,B,8.35,2
169,55La,C55,Large,Tree,LargeTree,22,17-11-17,2,A,20.22,1
228,55La,C55,Large,Tree,LargeTree,22,18-11-17,2,B,14.81,7
287,55La,C55,Large,Tree,LargeTree,22,24-11-17,3,A,7.62,1
346,55La,C55,Large,Tree,LargeTree,22,25-11-17,3,B,4.75,4
48,56La,C56,Large,Tree,LargeTree,19,08-11-17,1,A,5.75,1
107,56La,C56,Large,Tree,LargeTree,19,09-11-17,1,B,3.41,8
166,56La,C56,Large,Tree,LargeTree,19,17-11-17,2,A,NA,NA
225,56La,C56,Large,Tree,LargeTree,19,18-11-17,2,B,NA,NA
284,56La,C56,Large,Tree,LargeTree,19,24-11-17,3,A,NA,NA
343,56La,C56,Large,Tree,LargeTree,19,25-11-17,3,B,NA,NA
24,56Sa,C56,Small,Fence,SmallFence,25,08-11-17,1,A,10.65,1
83,56Sa,C56,Small,Fence,SmallFence,25,09-11-17,1,B,7.31,2
142,56Sa,C56,Small,Fence,SmallFence,25,17-11-17,2,A,15.97,2
201,56Sa,C56,Small,Fence,SmallFence,25,18-11-17,2,B,16.82,7
260,56Sa,C56,Small,Fence,SmallFence,25,24-11-17,3,A,20.41,7
319,56Sa,C56,Small,Fence,SmallFence,25,25-11-17,3,B,10.54,6
36,56Sb,C56,Small,Tree,SmallTree,7,08-11-17,1,A,40.38,1
95,56Sb,C56,Small,Tree,SmallTree,7,09-11-17,1,B,19.4,1
154,56Sb,C56,Small,Tree,SmallTree,7,17-11-17,2,A,180,0
213,56Sb,C56,Small,Tree,SmallTree,7,18-11-17,2,B,42.19,1
272,56Sb,C56,Small,Tree,SmallTree,7,24-11-17,3,A,53.19,1
331,56Sb,C56,Small,Tree,SmallTree,7,25-11-17,3,B,45.06,4
42,57Sa,C57,Small,Tree,SmallTree,13,08-11-17,1,A,7,3
101,57Sa,C57,Small,Tree,SmallTree,13,09-11-17,1,B,20.72,1
160,57Sa,C57,Small,Tree,SmallTree,13,17-11-17,2,A,NA,NA
219,57Sa,C57,Small,Tree,SmallTree,13,18-11-17,2,B,NA,NA
278,57Sa,C57,Small,Tree,SmallTree,13,24-11-17,3,A,NA,NA
337,57Sa,C57,Small,Tree,SmallTree,13,25-11-17,3,B,NA,NA
8,58La,C58,Large,Fence,LargeFence,9,08-11-17,1,A,2.85,6
67,58La,C58,Large,Fence,LargeFence,9,09-11-17,1,B,5.75,5
126,58La,C58,Large,Fence,LargeFence,9,17-11-17,2,A,180,0
185,58La,C58,Large,Fence,LargeFence,9,18-11-17,2,B,12.5,9
244,58La,C58,Large,Fence,LargeFence,9,24-11-17,3,A,16.44,6
303,58La,C58,Large,Fence,LargeFence,9,25-11-17,3,B,3.37,4
55,59La,C59,Large,Tree,LargeTree,26,08-11-17,1,A,11.66,5
114,59La,C59,Large,Tree,LargeTree,26,09-11-17,1,B,8.87,9
173,59La,C59,Large,Tree,LargeTree,26,17-11-17,2,A,NA,NA
232,59La,C59,Large,Tree,LargeTree,26,18-11-17,2,B,NA,NA
291,59La,C59,Large,Tree,LargeTree,26,24-11-17,3,A,4.69,1
350,59La,C59,Large,Tree,LargeTree,26,25-11-17,3,B,10.56,2
44,59Sa,C59,Small,Tree,SmallTree,15,08-11-17,1,A,9.63,2
103,59Sa,C59,Small,Tree,SmallTree,15,09-11-17,1,B,5.06,7
162,59Sa,C59,Small,Tree,SmallTree,15,17-11-17,2,A,NA,NA
221,59Sa,C59,Small,Tree,SmallTree,15,18-11-17,2,B,NA,NA
280,59Sa,C59,Small,Tree,SmallTree,15,24-11-17,3,A,72.91,1
339,59Sa,C59,Small,Tree,SmallTree,15,25-11-17,3,B,NA,NA
23,63La,C63,Large,Fence,LargeFence,24,08-11-17,1,A,8.38,6
82,63La,C63,Large,Fence,LargeFence,24,09-11-17,1,B,12.44,9
141,63La,C63,Large,Fence,LargeFence,24,17-11-17,2,A,17.31,1
200,63La,C63,Large,Fence,LargeFence,24,18-11-17,2,B,24.57,6
259,63La,C63,Large,Fence,LargeFence,24,24-11-17,3,A,2.16,2
318,63La,C63,Large,Fence,LargeFence,24,25-11-17,3,B,6.84,8
58,63Lb,C63,Large,Tree,LargeTree,29,08-11-17,1,A,59.6,5
117,63Lb,C63,Large,Tree,LargeTree,29,09-11-17,1,B,10.16,3
176,63Lb,C63,Large,Tree,LargeTree,29,17-11-17,2,A,3.81,2
235,63Lb,C63,Large,Tree,LargeTree,29,18-11-17,2,B,19.03,5
294,63Lb,C63,Large,Tree,LargeTree,29,24-11-17,3,A,6.44,3
353,63Lb,C63,Large,Tree,LargeTree,29,25-11-17,3,B,6.22,5
25,63Lc,C63,Large,Fence,LargeFence,26,08-11-17,1,A,3.63,7
84,63Lc,C63,Large,Fence,LargeFence,26,09-11-17,1,B,9.5,2
143,63Lc,C63,Large,Fence,LargeFence,26,17-11-17,2,A,22.97,8
202,63Lc,C63,Large,Fence,LargeFence,26,18-11-17,2,B,4.63,5
261,63Lc,C63,Large,Fence,LargeFence,26,24-11-17,3,A,3.87,5
320,63Lc,C63,Large,Fence,LargeFence,26,25-11-17,3,B,9.44,13
20,64La,C64,Large,Fence,LargeFence,21,08-11-17,1,A,21.79,5
79,64La,C64,Large,Fence,LargeFence,21,09-11-17,1,B,10.04,5
138,64La,C64,Large,Fence,LargeFence,21,17-11-17,2,A,17.19,4
197,64La,C64,Large,Fence,LargeFence,21,18-11-17,2,B,5.22,13
256,64La,C64,Large,Fence,LargeFence,21,24-11-17,3,A,5,8
315,64La,C64,Large,Fence,LargeFence,21,25-11-17,3,B,7.06,5
37,64Lb,C64,Large,Tree,LargeTree,8,08-11-17,1,A,7.32,2
96,64Lb,C64,Large,Tree,LargeTree,8,09-11-17,1,B,63.5,3
155,64Lb,C64,Large,Tree,LargeTree,8,17-11-17,2,A,180,0
214,64Lb,C64,Large,Tree,LargeTree,8,18-11-17,2,B,NA,NA
273,64Lb,C64,Large,Tree,LargeTree,8,24-11-17,3,A,NA,NA
332,64Lb,C64,Large,Tree,LargeTree,8,25-11-17,3,B,NA,NA
9,64Lc,C64,Large,Fence,LargeFence,10,08-11-17,1,A,52.21,9
68,64Lc,C64,Large,Fence,LargeFence,10,09-11-17,1,B,5.75,13
127,64Lc,C64,Large,Fence,LargeFence,10,17-11-17,2,A,93.85,4
186,64Lc,C64,Large,Fence,LargeFence,10,18-11-17,2,B,5.47,5
245,64Lc,C64,Large,Fence,LargeFence,10,24-11-17,3,A,10.78,14
304,64Lc,C64,Large,Fence,LargeFence,10,25-11-17,3,B,10.68,19
7,65La,C65,Large,Fence,LargeFence,8,08-11-17,1,A,18.47,25
47,65La,C65,Large,Tree,LargeTree,18,08-11-17,1,A,8.34,6
66,65La,C65,Large,Fence,LargeFence,8,09-11-17,1,B,3.56,10
106,65La,C65,Large,Tree,LargeTree,18,09-11-17,1,B,21.78,6
125,65La,C65,Large,Fence,LargeFence,8,17-11-17,2,A,14.37,5
165,65La,C65,Large,Tree,LargeTree,18,17-11-17,2,A,24.31,1
184,65La,C65,Large,Fence,LargeFence,8,18-11-17,2,B,4.9,11
224,65La,C65,Large,Tree,LargeTree,18,18-11-17,2,B,NA,NA
243,65La,C65,Large,Fence,LargeFence,8,24-11-17,3,A,37.94,18
283,65La,C65,Large,Tree,LargeTree,18,24-11-17,3,A,NA,NA
302,65La,C65,Large,Fence,LargeFence,8,25-11-17,3,B,6.75,7
342,65La,C65,Large,Tree,LargeTree,18,25-11-17,3,B,NA,NA
6,66Sa,C66,Small,Fence,SmallFence,7,08-11-17,1,A,3.97,6
65,66Sa,C66,Small,Fence,SmallFence,7,09-11-17,1,B,6.85,8
124,66Sa,C66,Small,Fence,SmallFence,7,17-11-17,2,A,14.41,12
183,66Sa,C66,Small,Fence,SmallFence,7,18-11-17,2,B,34.68,14
242,66Sa,C66,Small,Fence,SmallFence,7,24-11-17,3,A,14.6,14
301,66Sa,C66,Small,Fence,SmallFence,7,25-11-17,3,B,5.9,8
49,66Sb,C66,Small,Tree,SmallTree,20,08-11-17,1,A,143.27,1
108,66Sb,C66,Small,Tree,SmallTree,20,09-11-17,1,B,3.66,6
167,66Sb,C66,Small,Tree,SmallTree,20,17-11-17,2,A,NA,NA
226,66Sb,C66,Small,Tree,SmallTree,20,18-11-17,2,B,NA,NA
285,66Sb,C66,Small,Tree,SmallTree,20,24-11-17,3,A,NA,NA
344,66Sb,C66,Small,Tree,SmallTree,20,25-11-17,3,B,NA,NA
18,69La,C69,Large,Fence,LargeFence,19,08-11-17,1,A,3,1
77,69La,C69,Large,Fence,LargeFence,19,09-11-17,1,B,4.72,7
136,69La,C69,Large,Fence,LargeFence,19,17-11-17,2,A,60.75,6
195,69La,C69,Large,Fence,LargeFence,19,18-11-17,2,B,10.56,11
254,69La,C69,Large,Fence,LargeFence,19,24-11-17,3,A,5.13,9
313,69La,C69,Large,Fence,LargeFence,19,25-11-17,3,B,15.85,6
53,69Lb,C69,Large,Tree,LargeTree,24,08-11-17,1,A,27.03,5
112,69Lb,C69,Large,Tree,LargeTree,24,09-11-17,1,B,35.56,1
171,69Lb,C69,Large,Tree,LargeTree,24,17-11-17,2,A,NA,NA
230,69Lb,C69,Large,Tree,LargeTree,24,18-11-17,2,B,NA,NA
289,69Lb,C69,Large,Tree,LargeTree,24,24-11-17,3,A,NA,NA
348,69Lb,C69,Large,Tree,LargeTree,24,25-11-17,3,B,NA,NA
4,69Lc,C69,Large,Fence,LargeFence,5,08-11-17,1,A,3.72,6
63,69Lc,C69,Large,Fence,LargeFence,5,09-11-17,1,B,7.78,2
122,69Lc,C69,Large,Fence,LargeFence,5,17-11-17,2,A,15.34,16
181,69Lc,C69,Large,Fence,LargeFence,5,18-11-17,2,B,7.31,7
240,69Lc,C69,Large,Fence,LargeFence,5,24-11-17,3,A,16.4,9
299,69Lc,C69,Large,Fence,LargeFence,5,25-11-17,3,B,15.59,6
27,69Sa,C69,Small,Fence,SmallFence,28,08-11-17,1,A,33.84,4
86,69Sa,C69,Small,Fence,SmallFence,28,09-11-17,1,B,110.22,4
145,69Sa,C69,Small,Fence,SmallFence,28,17-11-17,2,A,180,0
204,69Sa,C69,Small,Fence,SmallFence,28,18-11-17,2,B,18.38,4
263,69Sa,C69,Small,Fence,SmallFence,28,24-11-17,3,A,3.09,1
322,69Sa,C69,Small,Fence,SmallFence,28,25-11-17,3,B,3.06,1
57,69Sb,C69,Small,Tree,SmallTree,28,08-11-17,1,A,6.56,4
116,69Sb,C69,Small,Tree,SmallTree,28,09-11-17,1,B,45.22,8
175,69Sb,C69,Small,Tree,SmallTree,28,17-11-17,2,A,NA,NA
234,69Sb,C69,Small,Tree,SmallTree,28,18-11-17,2,B,NA,NA
293,69Sb,C69,Small,Tree,SmallTree,28,24-11-17,3,A,180,0
352,69Sb,C69,Small,Tree,SmallTree,28,25-11-17,3,B,6.75,1
29,70Sa,C70,Small,Fence,SmallFence,30,08-11-17,1,A,60.72,5
88,70Sa,C70,Small,Fence,SmallFence,30,09-11-17,1,B,64.25,5
147,70Sa,C70,Small,Fence,SmallFence,30,17-11-17,2,A,14.47,4
206,70Sa,C70,Small,Fence,SmallFence,30,18-11-17,2,B,84.75,9
265,70Sa,C70,Small,Fence,SmallFence,30,24-11-17,3,A,5.16,4
324,70Sa,C70,Small,Fence,SmallFence,30,25-11-17,3,B,119.47,6
46,70Sb,C70,Small,Tree,SmallTree,17,08-11-17,1,A,100.25,4
105,70Sb,C70,Small,Tree,SmallTree,17,09-11-17,1,B,38.87,5
164,70Sb,C70,Small,Tree,SmallTree,17,17-11-17,2,A,NA,NA
223,70Sb,C70,Small,Tree,SmallTree,17,18-11-17,2,B,NA,NA
282,70Sb,C70,Small,Tree,SmallTree,17,24-11-17,3,A,NA,NA
341,70Sb,C70,Small,Tree,SmallTree,17,25-11-17,3,B,NA,NA
39,72La,C72,Large,Tree,LargeTree,10,08-11-17,1,A,14.97,1
98,72La,C72,Large,Tree,LargeTree,10,09-11-17,1,B,31.59,2
157,72La,C72,Large,Tree,LargeTree,10,17-11-17,2,A,180,0
216,72La,C72,Large,Tree,LargeTree,10,18-11-17,2,B,NA,NA
275,72La,C72,Large,Tree,LargeTree,10,24-11-17,3,A,NA,NA
334,72La,C72,Large,Tree,LargeTree,10,25-11-17,3,B,NA,NA
2,73La,C73,Large,Fence,LargeFence,3,08-11-17,1,A,5.59,6
56,73La,C73,Large,Tree,LargeTree,27,08-11-17,1,A,7.62,4
61,73La,C73,Large,Fence,LargeFence,3,09-11-17,1,B,44.35,2
115,73La,C73,Large,Tree,LargeTree,27,09-11-17,1,B,86.72,10
120,73La,C73,Large,Fence,LargeFence,3,17-11-17,2,A,16.31,9
174,73La,C73,Large,Tree,LargeTree,27,17-11-17,2,A,16.56,1
179,73La,C73,Large,Fence,LargeFence,3,18-11-17,2,B,5.56,2
233,73La,C73,Large,Tree,LargeTree,27,18-11-17,2,B,23.12,3
238,73La,C73,Large,Fence,LargeFence,3,24-11-17,3,A,6.9,7
292,73La,C73,Large,Tree,LargeTree,27,24-11-17,3,A,10.37,1
297,73La,C73,Large,Fence,LargeFence,3,25-11-17,3,B,17.69,3
351,73La,C73,Large,Tree,LargeTree,27,25-11-17,3,B,4.22,2
50,74La,C74,Large,Tree,LargeTree,21,08-11-17,1,A,9.78,2
109,74La,C74,Large,Tree,LargeTree,21,09-11-17,1,B,6.94,2
168,74La,C74,Large,Tree,LargeTree,21,17-11-17,2,A,36.78,1
227,74La,C74,Large,Tree,LargeTree,21,18-11-17,2,B,4.57,1
286,74La,C74,Large,Tree,LargeTree,21,24-11-17,3,A,7.75,2
345,74La,C74,Large,Tree,LargeTree,21,25-11-17,3,B,21.44,1
21,76La,C76,Large,Fence,LargeFence,22,08-11-17,1,A,20.53,4
80,76La,C76,Large,Fence,LargeFence,22,09-11-17,1,B,17.07,11
139,76La,C76,Large,Fence,LargeFence,22,17-11-17,2,A,180,0
198,76La,C76,Large,Fence,LargeFence,22,18-11-17,2,B,15.03,5
257,76La,C76,Large,Fence,LargeFence,22,24-11-17,3,A,2.53,3
316,76La,C76,Large,Fence,LargeFence,22,25-11-17,3,B,7.19,2
12,76Sa,C76,Small,Fence,SmallFence,13,08-11-17,1,A,17.09,3
71,76Sa,C76,Small,Fence,SmallFence,13,09-11-17,1,B,6.04,10
130,76Sa,C76,Small,Fence,SmallFence,13,17-11-17,2,A,101.03,6
189,76Sa,C76,Small,Fence,SmallFence,13,18-11-17,2,B,4.28,9
248,76Sa,C76,Small,Fence,SmallFence,13,24-11-17,3,A,4.38,2
307,76Sa,C76,Small,Fence,SmallFence,13,25-11-17,3,B,62.22,1
59,76Sb,C76,Small,Tree,SmallTree,30,08-11-17,1,A,7,2
118,76Sb,C76,Small,Tree,SmallTree,30,09-11-17,1,B,43.97,1
177,76Sb,C76,Small,Tree,SmallTree,30,17-11-17,2,A,NA,NA
236,76Sb,C76,Small,Tree,SmallTree,30,18-11-17,2,B,NA,NA
295,76Sb,C76,Small,Tree,SmallTree,30,24-11-17,3,A,NA,NA
354,76Sb,C76,Small,Tree,SmallTree,30,25-11-17,3,B,NA,NA
22,77Sa,C77,Small,Fence,SmallFence,23,08-11-17,1,A,4.22,11
81,77Sa,C77,Small,Fence,SmallFence,23,09-11-17,1,B,11.43,3
140,77Sa,C77,Small,Fence,SmallFence,23,17-11-17,2,A,11.94,1
199,77Sa,C77,Small,Fence,SmallFence,23,18-11-17,2,B,35.5,9
258,77Sa,C77,Small,Fence,SmallFence,23,24-11-17,3,A,5.75,6
317,77Sa,C77,Small,Fence,SmallFence,23,25-11-17,3,B,4.13,18
52,77Sb,C77,Small,Tree,SmallTree,23,08-11-17,1,A,5.06,5
111,77Sb,C77,Small,Tree,SmallTree,23,09-11-17,1,B,11.97,6
170,77Sb,C77,Small,Tree,SmallTree,23,17-11-17,2,A,7.84,3
229,77Sb,C77,Small,Tree,SmallTree,23,18-11-17,2,B,180,0
288,77Sb,C77,Small,Tree,SmallTree,23,24-11-17,3,A,20.41,1
347,77Sb,C77,Small,Tree,SmallTree,23,25-11-17,3,B,NA,NA
34,78La,C78,Large,Tree,LargeTree,5,08-11-17,1,A,11.78,1
93,78La,C78,Large,Tree,LargeTree,5,09-11-17,1,B,119.94,1
152,78La,C78,Large,Tree,LargeTree,5,17-11-17,2,A,NA,NA
211,78La,C78,Large,Tree,LargeTree,5,18-11-17,2,B,NA,NA
270,78La,C78,Large,Tree,LargeTree,5,24-11-17,3,A,NA,NA
329,78La,C78,Large,Tree,LargeTree,5,25-11-17,3,B,NA,NA
17,79La,C79,Large,Fence,LargeFence,18,08-11-17,1,A,8.22,18
76,79La,C79,Large,Fence,LargeFence,18,09-11-17,1,B,2.12,9
135,79La,C79,Large,Fence,LargeFence,18,17-11-17,2,A,61.19,2
194,79La,C79,Large,Fence,LargeFence,18,18-11-17,2,B,11,17
253,79La,C79,Large,Fence,LargeFence,18,24-11-17,3,A,23.78,16
312,79La,C79,Large,Fence,LargeFence,18,25-11-17,3,B,48.16,13
