SerialNumber,Date,ColonyID,Source,Batch,Treatment,Window,Situation,Trial,Latency,Number,Fused
20,1/18/2018,Grob12c1,Grob12,1,Tree,No,Cup,1,106.25,1,1
44,1/19/2018,Grob12c1,Grob12,1,Tree,No,Cup,2,17.13,1,1
69,1/23/2018,Grob12c1,Grob12,1,Tree,No,Pre,3,133.37,3,1
81,1/26/2018,Grob12c1,Grob12,1,Tree,No,Pre,4,11.5,2,1
105,1/31/2018,Grob12c1,Grob12,1,Tree,No,Trial,6,29.5,6,1
120,02-01-18,Grob12c1,Grob12,1,Tree,No,Trial,7,8.78,1,1
132,02-02-18,Grob12c1,Grob12,1,Tree,No,Trial,8,3.22,5,1
145,02-06-18,Grob12c1,Grob12,1,Tree,No,TrialWindA,9,12.75,1,1
159,02-07-18,Grob12c1,Grob12,1,Tree,No,TrialWindB,10,13.34,1,1
170,02-08-18,Grob12c1,Grob12,1,Tree,No,TrialWindA,11,21.25,1,1
185,02-09-18,Grob12c1,Grob12,1,Tree,No,TrialWindB,12,14.93,1,1
21,1/18/2018,Grob12c2,Grob12,1,Fence,Window,Cup,1,180,0,0
53,1/19/2018,Grob12c2,Grob12,1,Fence,Window,Cup,2,180,0,0
67,1/23/2018,Grob12c2,Grob12,1,Fence,Window,Pre,3,9.82,6,0
83,1/26/2018,Grob12c2,Grob12,1,Fence,Window,Pre,4,6.79,4,0
94,1/30/2018,Grob12c2,Grob12,1,Fence,Window,Trial,5,8,3,0
106,1/31/2018,Grob12c2,Grob12,1,Fence,Window,Trial,6,16.44,2,0
121,02-01-18,Grob12c2,Grob12,1,Fence,Window,Trial,7,4.91,4,0
133,02-02-18,Grob12c2,Grob12,1,Fence,Window,Trial,8,3.71,4,0
147,02-06-18,Grob12c2,Grob12,1,Fence,Window,TrialWindA,9,71.66,2,0
160,02-07-18,Grob12c2,Grob12,1,Fence,Window,TrialWindB,10,12.4,1,0
172,02-08-18,Grob12c2,Grob12,1,Fence,Window,TrialWindA,11,24.68,3,0
186,02-09-18,Grob12c2,Grob12,1,Fence,Window,TrialWindB,12,26.41,3,0
190,02-09-18,Grob14c1,Grob14,3,Tree,Window,Cup,2,5.34,4,0
350,03-06-18,Grob14c1,Grob14,3,Tree,Window,Pre,3,3.53,3,0
362,03-09-18,Grob14c1,Grob14,3,Tree,Window,Pre,4,1.78,4,0
379,3/13/2018,Grob14c1,Grob14,3,Tree,Window,Trial,5,15.03,3,0
390,3/14/2018,Grob14c1,Grob14,3,Tree,Window,Trial,6,7.12,2,0
406,3/15/2018,Grob14c1,Grob14,3,Tree,Window,Trial,7,3.12,1,0
416,3/16/2018,Grob14c1,Grob14,3,Tree,Window,Trial,8,18.44,7,0
432,3/20/2018,Grob14c1,Grob14,3,Tree,Window,TrialWindA,9,31.47,8,0
445,3/21/2018,Grob14c1,Grob14,3,Tree,Window,TrialWindB,10,180,5,0
455,3/22/2018,Grob14c1,Grob14,3,Tree,Window,TrialWindA,11,8.06,2,0
468,3/23/2018,Grob14c1,Grob14,3,Tree,Window,TrialWindB,12,8.59,4,0
22,1/18/2018,Grob2c1,Grob2,2,Tree,No,Cup,1,180,0,0
215,2/13/2018,Grob2c1,Grob2,2,Tree,No,Cup,2,21.37,2,0
216,2/16/2018,Grob2c1,Grob2,2,Tree,No,Pre,4,3.82,6,0
243,2/20/2018,Grob2c1,Grob2,2,Tree,No,Trial,5,6.56,3,0
244,2/21/2018,Grob2c1,Grob2,2,Tree,No,Trial,6,3.1,2,0
265,2/23/2018,Grob2c1,Grob2,2,Tree,No,Trial,8,2.41,3,0
292,2/27/2018,Grob2c1,Grob2,2,Tree,No,TrialWindA,9,23.25,2,0
306,2/28/2018,Grob2c1,Grob2,2,Tree,No,TrialWindB,10,4.85,2,0
307,03-01-18,Grob2c1,Grob2,2,Tree,No,TrialWindA,11,2.88,1,0
321,03-02-18,Grob2c1,Grob2,2,Tree,No,TrialWindB,12,38.69,4,0
35,1/18/2018,Grob4c1,Grob4,2,Fence,Window,Cup,1,180,0,0
201,02-09-18,Grob4c1,Grob4,2,Fence,Window,Cup,2,6.5,2,0
203,2/13/2018,Grob4c1,Grob4,2,Fence,Window,Pre,3,4.09,1,0
228,2/16/2018,Grob4c1,Grob4,2,Fence,Window,Pre,4,4.13,2,0
231,2/20/2018,Grob4c1,Grob4,2,Fence,Window,Trial,5,29.31,4,0
256,2/21/2018,Grob4c1,Grob4,2,Fence,Window,Trial,6,26.53,3,0
259,2/22/2018,Grob4c1,Grob4,2,Fence,Window,Trial,7,30,3,0
277,2/23/2018,Grob4c1,Grob4,2,Fence,Window,Trial,8,79,4,0
280,2/27/2018,Grob4c1,Grob4,2,Fence,Window,TrialWindA,9,25.53,9,0
294,2/28/2018,Grob4c1,Grob4,2,Fence,Window,TrialWindB,10,38.22,5,0
319,03-01-18,Grob4c1,Grob4,2,Fence,Window,TrialWindA,11,7.03,3,0
333,03-02-18,Grob4c1,Grob4,2,Fence,Window,TrialWindB,12,6.81,4,0
38,1/18/2018,Grob4c10,Grob4,3,Fence,No,Cup,1,180,0,0
338,03-02-18,Grob4c10,Grob4,3,Fence,No,Cup,2,6.18,2,0
349,03-06-18,Grob4c10,Grob4,3,Fence,No,Pre,3,8.96,3,0
366,03-09-18,Grob4c10,Grob4,3,Fence,No,Pre,4,22.75,4,0
377,3/13/2018,Grob4c10,Grob4,3,Fence,No,Trial,5,49.06,2,0
394,3/14/2018,Grob4c10,Grob4,3,Fence,No,Trial,6,7.94,2,0
405,3/15/2018,Grob4c10,Grob4,3,Fence,No,Trial,7,8.41,2,0
420,3/16/2018,Grob4c10,Grob4,3,Fence,No,Trial,8,8.87,1,0
430,3/20/2018,Grob4c10,Grob4,3,Fence,No,TrialWindA,9,89.59,5,0
443,3/21/2018,Grob4c10,Grob4,3,Fence,No,TrialWindB,10,40.47,6,0
460,3/22/2018,Grob4c10,Grob4,3,Fence,No,TrialWindA,11,17.25,5,0
473,3/23/2018,Grob4c10,Grob4,3,Fence,No,TrialWindB,12,7.38,2,0
24,1/18/2018,Grob4c11,Grob4,1,Fence,Window,Cup,1,180,0,0
42,1/19/2018,Grob4c11,Grob4,1,Fence,Window,Cup,2,180,0,0
60,1/23/2018,Grob4c11,Grob4,1,Fence,Window,Pre,3,105.09,2,0
74,1/26/2018,Grob4c11,Grob4,1,Fence,Window,Pre,4,85.47,1,0
89,1/30/2018,Grob4c11,Grob4,1,Fence,Window,Trial,5,37.43,5,0
101,1/31/2018,Grob4c11,Grob4,1,Fence,Window,Trial,6,25.94,5,0
114,02-01-18,Grob4c11,Grob4,1,Fence,Window,Trial,7,19.47,2,0
127,02-02-18,Grob4c11,Grob4,1,Fence,Window,Trial,8,11.28,4,0
140,02-06-18,Grob4c11,Grob4,1,Fence,Window,TrialWindA,9,17,6,0
153,02-07-18,Grob4c11,Grob4,1,Fence,Window,TrialWindB,10,6.62,1,0
168,02-08-18,Grob4c11,Grob4,1,Fence,Window,TrialWindA,11,5.75,4,0
179,02-09-18,Grob4c11,Grob4,1,Fence,Window,TrialWindB,12,12.47,4,0
23,1/18/2018,Grob4c12,Grob4,3,Fence,No,Cup,1,180,0,0
336,03-02-18,Grob4c12,Grob4,3,Fence,No,Cup,2,40.12,3,0
348,03-06-18,Grob4c12,Grob4,3,Fence,No,Pre,3,4.72,7,0
365,03-09-18,Grob4c12,Grob4,3,Fence,No,Pre,4,3.88,3,0
376,3/13/2018,Grob4c12,Grob4,3,Fence,No,Trial,5,16.91,3,0
393,3/14/2018,Grob4c12,Grob4,3,Fence,No,Trial,6,5.9,6,0
403,3/15/2018,Grob4c12,Grob4,3,Fence,No,Trial,7,3.66,5,0
419,3/16/2018,Grob4c12,Grob4,3,Fence,No,Trial,8,4.84,9,0
429,3/20/2018,Grob4c12,Grob4,3,Fence,No,TrialWindA,9,52.69,7,0
442,3/21/2018,Grob4c12,Grob4,3,Fence,No,TrialWindB,10,24.94,2,0
459,3/22/2018,Grob4c12,Grob4,3,Fence,No,TrialWindA,11,25.91,7,0
472,3/23/2018,Grob4c12,Grob4,3,Fence,No,TrialWindB,12,26.5,7,0
34,1/18/2018,Grob4c2,Grob4,2,Fence,No,Cup,1,180,0,0
189,02-09-18,Grob4c2,Grob4,2,Fence,No,Cup,2,16.69,2,0
210,2/13/2018,Grob4c2,Grob4,2,Fence,No,Pre,3,14.75,1,0
221,2/16/2018,Grob4c2,Grob4,2,Fence,No,Pre,4,3.03,1,0
238,2/20/2018,Grob4c2,Grob4,2,Fence,No,Trial,5,12.9,1,0
249,2/21/2018,Grob4c2,Grob4,2,Fence,No,Trial,6,10.56,4,0
270,2/23/2018,Grob4c2,Grob4,2,Fence,No,Trial,8,1.84,2,0
287,2/27/2018,Grob4c2,Grob4,2,Fence,No,TrialWindA,9,45.69,1,0
301,2/28/2018,Grob4c2,Grob4,2,Fence,No,TrialWindB,10,10.96,2,0
312,03-01-18,Grob4c2,Grob4,2,Fence,No,TrialWindA,11,29.5,5,0
326,03-02-18,Grob4c2,Grob4,2,Fence,No,TrialWindB,12,22,1,0
37,1/18/2018,Grob4c3,Grob4,3,Tree,Window,Cup,1,180,0,0
335,03-02-18,Grob4c3,Grob4,3,Tree,Window,Cup,2,47.75,3,0
361,03-06-18,Grob4c3,Grob4,3,Tree,Window,Pre,3,7.44,4,0
375,03-09-18,Grob4c3,Grob4,3,Tree,Window,Pre,4,19.37,3,0
387,3/13/2018,Grob4c3,Grob4,3,Tree,Window,Trial,5,37.47,4,0
398,3/14/2018,Grob4c3,Grob4,3,Tree,Window,Trial,6,16.85,2,0
414,3/15/2018,Grob4c3,Grob4,3,Tree,Window,Trial,7,36.78,4,0
424,3/16/2018,Grob4c3,Grob4,3,Tree,Window,Trial,8,8.94,5,0
440,3/20/2018,Grob4c3,Grob4,3,Tree,Window,TrialWindA,9,44.18,2,0
453,3/21/2018,Grob4c3,Grob4,3,Tree,Window,TrialWindB,10,16.32,2,0
463,3/22/2018,Grob4c3,Grob4,3,Tree,Window,TrialWindA,11,18,1,0
476,3/23/2018,Grob4c3,Grob4,3,Tree,Window,TrialWindB,12,4.34,4,0
5,1/18/2018,Grob4c4,Grob4,1,Tree,No,Cup,1,180,0,1
51,1/19/2018,Grob4c4,Grob4,1,Tree,No,Cup,2,180,0,1
68,1/23/2018,Grob4c4,Grob4,1,Tree,No,Pre,3,38.44,3,1
80,1/26/2018,Grob4c4,Grob4,1,Tree,No,Pre,4,17.59,3,1
93,1/30/2018,Grob4c4,Grob4,1,Tree,No,Trial,5,11.03,7,1
41,1/18/2018,Grob4c5,Grob4,3,Tree,Window,Cup,1,180,0,1
339,03-02-18,Grob4c5,Grob4,3,Tree,Window,Cup,2,6.03,2,1
356,03-06-18,Grob4c5,Grob4,3,Tree,Window,Pre,3,3.09,10,1
368,03-09-18,Grob4c5,Grob4,3,Tree,Window,Pre,4,2.91,2,1
382,3/13/2018,Grob4c5,Grob4,3,Tree,Window,Trial,5,8.81,2,1
396,3/14/2018,Grob4c5,Grob4,3,Tree,Window,Trial,6,6.31,7,1
409,3/15/2018,Grob4c5,Grob4,3,Tree,Window,Trial,7,11.15,3,1
422,3/16/2018,Grob4c5,Grob4,3,Tree,Window,Trial,8,18.34,5,1
435,3/20/2018,Grob4c5,Grob4,3,Tree,Window,TrialWindA,9,8.56,5,1
448,3/21/2018,Grob4c5,Grob4,3,Tree,Window,TrialWindB,10,16.96,6,1
458,3/22/2018,Grob4c5,Grob4,3,Tree,Window,TrialWindA,11,6.88,5,1
471,3/23/2018,Grob4c5,Grob4,3,Tree,Window,TrialWindB,12,9.22,15,1
36,1/18/2018,Grob4c6,Grob4,2,Tree,Window,Cup,1,180,0,1
200,02-09-18,Grob4c6,Grob4,2,Tree,Window,Cup,2,11.97,2,1
207,2/13/2018,Grob4c6,Grob4,2,Tree,Window,Pre,3,62.09,1,1
224,2/16/2018,Grob4c6,Grob4,2,Tree,Window,Pre,4,84.22,1,1
235,2/20/2018,Grob4c6,Grob4,2,Tree,Window,Trial,5,34.5,1,1
252,2/21/2018,Grob4c6,Grob4,2,Tree,Window,Trial,6,3.03,1,1
263,2/22/2018,Grob4c6,Grob4,2,Tree,Window,Trial,7,6.84,1,1
273,2/23/2018,Grob4c6,Grob4,2,Tree,Window,Trial,8,5.13,2,1
284,2/27/2018,Grob4c6,Grob4,2,Tree,Window,TrialWindA,9,26.47,1,1
298,2/28/2018,Grob4c6,Grob4,2,Tree,Window,TrialWindB,10,140.72,1,1
315,03-01-18,Grob4c6,Grob4,2,Tree,Window,TrialWindA,11,21.72,1,1
329,03-02-18,Grob4c6,Grob4,2,Tree,Window,TrialWindB,12,18.34,1,1
40,1/18/2018,Grob4c7,Grob4,3,Fence,No,Cup,1,180,0,0
340,03-02-18,Grob4c7,Grob4,3,Fence,No,Cup,2,68.91,1,0
357,03-06-18,Grob4c7,Grob4,3,Fence,No,Pre,3,5.31,2,0
371,03-09-18,Grob4c7,Grob4,3,Fence,No,Pre,4,4.87,4,0
384,3/13/2018,Grob4c7,Grob4,3,Fence,No,Trial,5,8.18,7,0
401,3/14/2018,Grob4c7,Grob4,3,Fence,No,Trial,6,13.78,1,0
411,3/15/2018,Grob4c7,Grob4,3,Fence,No,Trial,7,12.34,3,0
427,3/16/2018,Grob4c7,Grob4,3,Fence,No,Trial,8,4.25,2,0
437,3/20/2018,Grob4c7,Grob4,3,Fence,No,TrialWindA,9,9.72,3,0
450,3/21/2018,Grob4c7,Grob4,3,Fence,No,TrialWindB,10,11.07,1,0
465,3/22/2018,Grob4c7,Grob4,3,Fence,No,TrialWindA,11,19.72,2,0
478,3/23/2018,Grob4c7,Grob4,3,Fence,No,TrialWindB,12,7.19,3,0
6,1/18/2018,Grob4c8,Grob4,2,Tree,No,Cup,1,180,0,1
188,02-09-18,Grob4c8,Grob4,2,Tree,No,Cup,2,4.37,1,1
213,2/13/2018,Grob4c8,Grob4,2,Tree,No,Pre,3,42.75,1,1
218,2/16/2018,Grob4c8,Grob4,2,Tree,No,Pre,4,29.13,1,1
241,2/20/2018,Grob4c8,Grob4,2,Tree,No,Trial,5,19.44,1,1
246,2/21/2018,Grob4c8,Grob4,2,Tree,No,Trial,6,29.9,1,1
267,2/23/2018,Grob4c8,Grob4,2,Tree,No,Trial,8,20.56,4,1
290,2/27/2018,Grob4c8,Grob4,2,Tree,No,TrialWindA,9,46.75,2,1
304,2/28/2018,Grob4c8,Grob4,2,Tree,No,TrialWindB,10,120.97,1,1
309,03-01-18,Grob4c8,Grob4,2,Tree,No,TrialWindA,11,49.66,4,1
323,03-02-18,Grob4c8,Grob4,2,Tree,No,TrialWindB,12,46.4,1,1
39,1/18/2018,Grob4c9,Grob4,3,Tree,Window,Cup,1,180,0,1
337,03-02-18,Grob4c9,Grob4,3,Tree,Window,Cup,2,10.28,1,1
351,03-06-18,Grob4c9,Grob4,3,Tree,Window,Pre,3,3.31,3,1
363,03-09-18,Grob4c9,Grob4,3,Tree,Window,Pre,4,10.03,9,1
380,3/13/2018,Grob4c9,Grob4,3,Tree,Window,Trial,5,16.04,6,1
391,3/14/2018,Grob4c9,Grob4,3,Tree,Window,Trial,6,3.37,3,1
407,3/15/2018,Grob4c9,Grob4,3,Tree,Window,Trial,7,7.88,8,1
417,3/16/2018,Grob4c9,Grob4,3,Tree,Window,Trial,8,8.78,5,1
433,3/20/2018,Grob4c9,Grob4,3,Tree,Window,TrialWindA,9,19.94,3,1
446,3/21/2018,Grob4c9,Grob4,3,Tree,Window,TrialWindB,10,20.22,5,1
456,3/22/2018,Grob4c9,Grob4,3,Tree,Window,TrialWindA,11,12.68,2,1
469,3/23/2018,Grob4c9,Grob4,3,Tree,Window,TrialWindB,12,5.9,6,1
29,1/18/2018,Up12c1,Up12,1,Fence,Window,Cup,1,102.66,3,0
49,1/19/2018,Up12c1,Up12,1,Fence,Window,Cup,2,23.22,2,0
65,1/23/2018,Up12c1,Up12,1,Fence,Window,Pre,3,13.09,3,0
78,1/26/2018,Up12c1,Up12,1,Fence,Window,Pre,4,180,5,0
96,1/30/2018,Up12c1,Up12,1,Fence,Window,Trial,5,4.59,3,0
108,1/31/2018,Up12c1,Up12,1,Fence,Window,Trial,6,9.91,1,0
118,02-01-18,Up12c1,Up12,1,Fence,Window,Trial,7,23.72,3,0
135,02-02-18,Up12c1,Up12,1,Fence,Window,Trial,8,9.66,4,0
144,02-06-18,Up12c1,Up12,1,Fence,Window,TrialWindA,9,20.03,4,0
157,02-07-18,Up12c1,Up12,1,Fence,Window,TrialWindB,10,4.65,1,0
174,02-08-18,Up12c1,Up12,1,Fence,Window,TrialWindA,11,2.25,3,0
181,02-09-18,Up12c1,Up12,1,Fence,Window,TrialWindB,12,11.68,9,0
30,1/18/2018,Up12c2,Up12,1,Tree,No,Cup,1,23.75,1,1
55,1/19/2018,Up12c2,Up12,1,Tree,No,Cup,2,26.78,1,1
61,1/23/2018,Up12c2,Up12,1,Tree,No,Pre,3,71.34,6,1
75,1/26/2018,Up12c2,Up12,1,Tree,No,Pre,4,4.16,1,1
88,1/30/2018,Up12c2,Up12,1,Tree,No,Trial,5,28.25,1,1
102,1/31/2018,Up12c2,Up12,1,Tree,No,Trial,6,9.5,2,1
115,02-01-18,Up12c2,Up12,1,Tree,No,Trial,7,23.56,3,1
141,02-06-18,Up12c2,Up12,1,Tree,No,TrialWindA,9,13.72,3,1
154,02-07-18,Up12c2,Up12,1,Tree,No,TrialWindB,10,15.56,1,1
166,02-08-18,Up12c2,Up12,1,Tree,No,TrialWindA,11,1.91,4,1
182,02-09-18,Up12c2,Up12,1,Tree,No,TrialWindB,12,22.94,1,1
129,02-02-18,Up12c2,Up12,1,Tree,No,Trial,8,8.66,4,1
31,1/18/2018,Up19c1,Up19,2,Fence,Window,Cup,1,117.25,2,0
194,02-09-18,Up19c1,Up19,2,Fence,Window,Cup,2,7.19,1,0
204,2/13/2018,Up19c1,Up19,2,Fence,Window,Pre,3,8.44,3,0
227,2/16/2018,Up19c1,Up19,2,Fence,Window,Pre,4,8.81,3,0
232,2/20/2018,Up19c1,Up19,2,Fence,Window,Trial,5,34.22,8,0
255,2/21/2018,Up19c1,Up19,2,Fence,Window,Trial,6,26.59,10,0
260,2/22/2018,Up19c1,Up19,2,Fence,Window,Trial,7,44.54,8,0
276,2/23/2018,Up19c1,Up19,2,Fence,Window,Trial,8,14.06,3,0
281,2/27/2018,Up19c1,Up19,2,Fence,Window,TrialWindA,9,5.75,6,0
295,2/28/2018,Up19c1,Up19,2,Fence,Window,TrialWindB,10,10.76,3,0
318,03-01-18,Up19c1,Up19,2,Fence,Window,TrialWindA,11,8.71,5,0
332,03-02-18,Up19c1,Up19,2,Fence,Window,TrialWindB,12,4.25,4,0
32,1/18/2018,Up19c2,Up19,3,Tree,Window,Cup,1,180,0,0
346,03-02-18,Up19c2,Up19,3,Tree,Window,Cup,2,9.54,1,0
355,03-06-18,Up19c2,Up19,3,Tree,Window,Pre,3,2.91,1,0
369,03-09-18,Up19c2,Up19,3,Tree,Window,Pre,4,12.81,6,0
389,3/13/2018,Up19c2,Up19,3,Tree,Window,Trial,5,22.59,2,0
397,3/14/2018,Up19c2,Up19,3,Tree,Window,Trial,6,15.62,3,0
415,3/15/2018,Up19c2,Up19,3,Tree,Window,Trial,7,8.56,5,0
423,3/16/2018,Up19c2,Up19,3,Tree,Window,Trial,8,17.85,5,0
441,3/20/2018,Up19c2,Up19,3,Tree,Window,TrialWindA,9,38,3,0
454,3/21/2018,Up19c2,Up19,3,Tree,Window,TrialWindB,10,25.43,6,0
462,3/22/2018,Up19c2,Up19,3,Tree,Window,TrialWindA,11,34.35,3,0
475,3/23/2018,Up19c2,Up19,3,Tree,Window,TrialWindB,12,26.72,2,0
33,1/18/2018,Up19c3,Up19,2,Tree,No,Cup,1,180,0,1
195,02-09-18,Up19c3,Up19,2,Tree,No,Cup,2,37.81,3,1
212,2/13/2018,Up19c3,Up19,2,Tree,No,Pre,3,15.6,2,1
219,2/16/2018,Up19c3,Up19,2,Tree,No,Pre,4,1.75,2,1
240,2/20/2018,Up19c3,Up19,2,Tree,No,Trial,5,2.97,6,1
247,2/21/2018,Up19c3,Up19,2,Tree,No,Trial,6,4.19,2,1
268,2/23/2018,Up19c3,Up19,2,Tree,No,Trial,8,3.84,4,1
289,2/27/2018,Up19c3,Up19,2,Tree,No,TrialWindA,9,41.91,9,1
303,2/28/2018,Up19c3,Up19,2,Tree,No,TrialWindB,10,75.31,2,1
310,03-01-18,Up19c3,Up19,2,Tree,No,TrialWindA,11,4.12,5,1
324,03-02-18,Up19c3,Up19,2,Tree,No,TrialWindB,12,9.28,2,1
28,1/18/2018,Up21c1,Up21,3,Fence,No,Cup,1,180,0,0
347,03-02-18,Up21c1,Up21,3,Fence,No,Cup,2,10.97,8,0
353,03-06-18,Up21c1,Up21,3,Fence,No,Pre,3,5,5,0
370,03-09-18,Up21c1,Up21,3,Fence,No,Pre,4,5.75,4,0
383,3/13/2018,Up21c1,Up21,3,Fence,No,Trial,5,29.31,3,0
402,3/14/2018,Up21c1,Up21,3,Fence,No,Trial,6,12,5,0
410,3/15/2018,Up21c1,Up21,3,Fence,No,Trial,7,5.06,2,0
428,3/16/2018,Up21c1,Up21,3,Fence,No,Trial,8,6.06,5,0
436,3/20/2018,Up21c1,Up21,3,Fence,No,TrialWindA,9,21.88,2,0
449,3/21/2018,Up21c1,Up21,3,Fence,No,TrialWindB,10,42.41,2,0
464,3/22/2018,Up21c1,Up21,3,Fence,No,TrialWindA,11,10.15,3,0
477,3/23/2018,Up21c1,Up21,3,Fence,No,TrialWindB,12,13.53,5,0
25,1/18/2018,Up4c1,Up4,1,Fence,Window,Cup,1,105.88,1,0
46,1/19/2018,Up4c1,Up4,1,Fence,Window,Cup,2,21.21,1,0
58,1/23/2018,Up4c1,Up4,1,Fence,Window,Pre,3,3.44,1,0
73,1/26/2018,Up4c1,Up4,1,Fence,Window,Pre,4,2.13,2,0
85,1/30/2018,Up4c1,Up4,1,Fence,Window,Trial,5,1.72,5,0
100,1/31/2018,Up4c1,Up4,1,Fence,Window,Trial,6,2.47,6,0
113,02-01-18,Up4c1,Up4,1,Fence,Window,Trial,7,4.69,4,0
124,02-02-18,Up4c1,Up4,1,Fence,Window,Trial,8,2.53,2,0
139,02-06-18,Up4c1,Up4,1,Fence,Window,TrialWindA,9,14.71,2,0
152,02-07-18,Up4c1,Up4,1,Fence,Window,TrialWindB,10,3.81,3,0
165,02-08-18,Up4c1,Up4,1,Fence,Window,TrialWindA,11,3.31,3,0
176,02-09-18,Up4c1,Up4,1,Fence,Window,TrialWindB,12,3.94,4,0
26,1/18/2018,Up4c2,Up4,1,Tree,No,Cup,1,13.38,1,0
47,1/19/2018,Up4c2,Up4,1,Tree,No,Cup,2,40.56,1,0
57,1/23/2018,Up4c2,Up4,1,Tree,No,Pre,3,38.19,3,0
71,1/26/2018,Up4c2,Up4,1,Tree,No,Pre,4,4.94,1,0
86,1/30/2018,Up4c2,Up4,1,Tree,No,Trial,5,28.1,4,0
97,1/31/2018,Up4c2,Up4,1,Tree,No,Trial,6,13.44,2,0
110,02-01-18,Up4c2,Up4,1,Tree,No,Trial,7,10.22,3,0
125,02-02-18,Up4c2,Up4,1,Tree,No,Trial,8,27.19,4,0
137,02-06-18,Up4c2,Up4,1,Tree,No,TrialWindA,9,5.5,1,0
149,02-07-18,Up4c2,Up4,1,Tree,No,TrialWindB,10,22.5,1,0
162,02-08-18,Up4c2,Up4,1,Tree,No,TrialWindA,11,9.41,2,0
177,02-09-18,Up4c2,Up4,1,Tree,No,TrialWindB,12,3.46,2,0
27,1/18/2018,Up4c3,Up4,2,Fence,No,Cup,1,11.19,1,0
191,02-09-18,Up4c3,Up4,2,Fence,No,Cup,2,5.19,1,0
209,2/13/2018,Up4c3,Up4,2,Fence,No,Pre,3,10.72,3,0
222,2/16/2018,Up4c3,Up4,2,Fence,No,Pre,4,4.28,2,0
237,2/20/2018,Up4c3,Up4,2,Fence,No,Trial,5,4.97,5,0
250,2/21/2018,Up4c3,Up4,2,Fence,No,Trial,6,3.91,10,0
271,2/23/2018,Up4c3,Up4,2,Fence,No,Trial,8,5.37,8,0
286,2/27/2018,Up4c3,Up4,2,Fence,No,TrialWindA,9,3.1,5,0
300,2/28/2018,Up4c3,Up4,2,Fence,No,TrialWindB,10,2.81,6,0
313,03-01-18,Up4c3,Up4,2,Fence,No,TrialWindA,11,3.06,7,0
327,03-02-18,Up4c3,Up4,2,Fence,No,TrialWindB,12,5.84,4,0
15,1/18/2018,Up7c1,Up7,1,Tree,No,Cup,1,76.19,1,1
43,1/19/2018,Up7c1,Up7,1,Tree,No,Cup,2,180,1,1
63,1/23/2018,Up7c1,Up7,1,Tree,No,Pre,3,64.44,3,1
76,1/26/2018,Up7c1,Up7,1,Tree,No,Pre,4,86.37,1,1
91,1/30/2018,Up7c1,Up7,1,Tree,No,Trial,5,44.97,2,1
103,1/31/2018,Up7c1,Up7,1,Tree,No,Trial,6,40,3,1
116,02-01-18,Up7c1,Up7,1,Tree,No,Trial,7,15.9,1,1
130,02-02-18,Up7c1,Up7,1,Tree,No,Trial,8,10.87,5,1
142,02-06-18,Up7c1,Up7,1,Tree,No,TrialWindA,9,20.91,1,1
155,02-07-18,Up7c1,Up7,1,Tree,No,TrialWindB,10,10.31,1,1
167,02-08-18,Up7c1,Up7,1,Tree,No,TrialWindA,11,7.18,2,1
183,02-09-18,Up7c1,Up7,1,Tree,No,TrialWindB,12,14.1,1,1
7,1/18/2018,Up7c2,Up7,3,Fence,No,Cup,1,80.75,1,1
193,02-09-18,Up7c2,Up7,3,Fence,No,Cup,2,60.93,1,1
345,03-02-18,Up7c2,Up7,3,Fence,No,Cup,2,4.34,1,1
358,03-06-18,Up7c2,Up7,3,Fence,No,Pre,3,6.06,12,1
372,03-09-18,Up7c2,Up7,3,Fence,No,Pre,4,3.12,13,1
385,3/13/2018,Up7c2,Up7,3,Fence,No,Trial,5,14.31,6,1
400,3/14/2018,Up7c2,Up7,3,Fence,No,Trial,6,6.1,3,1
412,3/15/2018,Up7c2,Up7,3,Fence,No,Trial,7,4.62,12,1
426,3/16/2018,Up7c2,Up7,3,Fence,No,Trial,8,10.97,5,1
438,3/20/2018,Up7c2,Up7,3,Fence,No,TrialWindA,9,2.94,5,1
451,3/21/2018,Up7c2,Up7,3,Fence,No,TrialWindB,10,11.22,11,1
466,3/22/2018,Up7c2,Up7,3,Fence,No,TrialWindA,11,6.25,13,1
479,3/23/2018,Up7c2,Up7,3,Fence,No,TrialWindB,12,4.78,9,1
8,1/18/2018,Up7c3,Up7,2,Fence,No,Cup,1,13.85,1,0
192,02-09-18,Up7c3,Up7,2,Fence,No,Cup,2,34.47,1,0
211,2/13/2018,Up7c3,Up7,2,Fence,No,Pre,3,2.94,4,0
220,2/16/2018,Up7c3,Up7,2,Fence,No,Pre,4,2.63,3,0
239,2/20/2018,Up7c3,Up7,2,Fence,No,Trial,5,22.13,2,0
248,2/21/2018,Up7c3,Up7,2,Fence,No,Trial,6,2.12,2,0
269,2/23/2018,Up7c3,Up7,2,Fence,No,Trial,8,13.9,3,0
288,2/27/2018,Up7c3,Up7,2,Fence,No,TrialWindA,9,7.82,2,0
302,2/28/2018,Up7c3,Up7,2,Fence,No,TrialWindB,10,11.47,3,0
311,03-01-18,Up7c3,Up7,2,Fence,No,TrialWindA,11,3.38,6,0
325,03-02-18,Up7c3,Up7,2,Fence,No,TrialWindB,12,3.4,7,0
9,1/18/2018,Up7c4,Up7,3,Fence,No,Cup,1,180,0,0
341,03-02-18,Up7c4,Up7,3,Fence,No,Cup,2,9.34,1,0
352,03-06-18,Up7c4,Up7,3,Fence,No,Pre,3,6.13,6,0
367,03-09-18,Up7c4,Up7,3,Fence,No,Pre,4,4.09,3,0
378,3/13/2018,Up7c4,Up7,3,Fence,No,Trial,5,14.06,8,0
395,3/14/2018,Up7c4,Up7,3,Fence,No,Trial,6,2.9,4,0
404,3/15/2018,Up7c4,Up7,3,Fence,No,Trial,7,8.87,5,0
421,3/16/2018,Up7c4,Up7,3,Fence,No,Trial,8,2.63,4,0
431,3/20/2018,Up7c4,Up7,3,Fence,No,TrialWindA,9,3.25,3,0
444,3/21/2018,Up7c4,Up7,3,Fence,No,TrialWindB,10,5.19,3,0
461,3/22/2018,Up7c4,Up7,3,Fence,No,TrialWindA,11,11.16,4,0
474,3/23/2018,Up7c4,Up7,3,Fence,No,TrialWindB,12,2.34,3,0
10,1/18/2018,Up7c5,Up7,3,Tree,Window,Cup,1,88,1,1
342,03-02-18,Up7c5,Up7,3,Tree,Window,Cup,2,4.41,2,1
354,03-06-18,Up7c5,Up7,3,Tree,Window,Pre,3,5.47,7,1
364,03-09-18,Up7c5,Up7,3,Tree,Window,Pre,4,5.41,3,1
381,3/13/2018,Up7c5,Up7,3,Tree,Window,Trial,5,NA,NA,1
392,3/14/2018,Up7c5,Up7,3,Tree,Window,Trial,6,7.81,1,1
408,3/15/2018,Up7c5,Up7,3,Tree,Window,Trial,7,9.9,2,1
418,3/16/2018,Up7c5,Up7,3,Tree,Window,Trial,8,9.66,2,1
434,3/20/2018,Up7c5,Up7,3,Tree,Window,TrialWindA,9,28.06,1,1
447,3/21/2018,Up7c5,Up7,3,Tree,Window,TrialWindB,10,52.6,1,1
457,3/22/2018,Up7c5,Up7,3,Tree,Window,TrialWindA,11,29.69,4,1
470,3/23/2018,Up7c5,Up7,3,Tree,Window,TrialWindB,12,14.28,2,1
11,1/18/2018,Up7c6,Up7,1,Fence,Window,Cup,1,8.44,1,0
52,1/19/2018,Up7c6,Up7,1,Fence,Window,Cup,2,180,2,0
66,1/23/2018,Up7c6,Up7,1,Fence,Window,Pre,3,22,4,0
82,1/26/2018,Up7c6,Up7,1,Fence,Window,Pre,4,12.57,1,0
95,1/30/2018,Up7c6,Up7,1,Fence,Window,Trial,5,4.06,7,0
107,1/31/2018,Up7c6,Up7,1,Fence,Window,Trial,6,12.22,1,0
122,02-01-18,Up7c6,Up7,1,Fence,Window,Trial,7,19.84,3,0
134,02-02-18,Up7c6,Up7,1,Fence,Window,Trial,8,6.63,3,0
148,02-06-18,Up7c6,Up7,1,Fence,Window,TrialWindA,9,10.32,4,0
161,02-07-18,Up7c6,Up7,1,Fence,Window,TrialWindB,10,7.1,2,0
173,02-08-18,Up7c6,Up7,1,Fence,Window,TrialWindA,11,13.07,7,0
187,02-09-18,Up7c6,Up7,1,Fence,Window,TrialWindB,12,4.35,4,0
12,1/18/2018,Up7c7,Up7,2,Tree,No,Cup,1,48.75,1,0
214,2/13/2018,Up7c7,Up7,2,Tree,No,Cup,2,21.59,3,0
217,2/16/2018,Up7c7,Up7,2,Tree,No,Pre,4,43.22,2,0
242,2/20/2018,Up7c7,Up7,2,Tree,No,Trial,5,6.97,2,0
245,2/21/2018,Up7c7,Up7,2,Tree,No,Trial,6,7.35,3,0
266,2/23/2018,Up7c7,Up7,2,Tree,No,Trial,8,8.25,2,0
291,2/27/2018,Up7c7,Up7,2,Tree,No,TrialWindA,9,2.31,2,0
305,2/28/2018,Up7c7,Up7,2,Tree,No,TrialWindB,10,39.97,6,0
308,03-01-18,Up7c7,Up7,2,Tree,No,TrialWindA,11,10.25,2,0
322,03-02-18,Up7c7,Up7,2,Tree,No,TrialWindB,12,80.63,11,0
13,1/18/2018,Up7c8,Up7,2,Fence,Window,Cup,1,180,0,0
196,02-09-18,Up7c8,Up7,2,Fence,Window,Cup,2,51.43,1,0
205,2/13/2018,Up7c8,Up7,2,Fence,Window,Pre,3,3.28,3,0
226,2/16/2018,Up7c8,Up7,2,Fence,Window,Pre,4,2.97,2,0
233,2/20/2018,Up7c8,Up7,2,Fence,Window,Trial,5,7.19,6,0
254,2/21/2018,Up7c8,Up7,2,Fence,Window,Trial,6,9.69,5,0
261,2/22/2018,Up7c8,Up7,2,Fence,Window,Trial,7,9.34,3,0
275,2/23/2018,Up7c8,Up7,2,Fence,Window,Trial,8,6.47,1,0
282,2/27/2018,Up7c8,Up7,2,Fence,Window,TrialWindA,9,7.47,4,0
296,2/28/2018,Up7c8,Up7,2,Fence,Window,TrialWindB,10,4.94,7,0
317,03-01-18,Up7c8,Up7,2,Fence,Window,TrialWindA,11,11.37,2,0
331,03-02-18,Up7c8,Up7,2,Fence,Window,TrialWindB,12,3.75,3,0
14,1/18/2018,Up7c9,Up7,2,Tree,Window,Cup,1,180,0,1
197,02-09-18,Up7c9,Up7,2,Tree,Window,Cup,2,14.65,5,1
206,2/13/2018,Up7c9,Up7,2,Tree,Window,Pre,3,28.65,1,1
225,2/16/2018,Up7c9,Up7,2,Tree,Window,Pre,4,9.38,6,1
234,2/20/2018,Up7c9,Up7,2,Tree,Window,Trial,5,18.69,2,1
253,2/21/2018,Up7c9,Up7,2,Tree,Window,Trial,6,15.34,4,1
262,2/22/2018,Up7c9,Up7,2,Tree,Window,Trial,7,16.16,6,1
274,2/23/2018,Up7c9,Up7,2,Tree,Window,Trial,8,21.41,1,1
283,2/27/2018,Up7c9,Up7,2,Tree,Window,TrialWindA,9,29.13,10,1
297,2/28/2018,Up7c9,Up7,2,Tree,Window,TrialWindB,10,41.94,3,1
316,03-01-18,Up7c9,Up7,2,Tree,Window,TrialWindA,11,13.28,2,1
330,03-02-18,Up7c9,Up7,2,Tree,Window,TrialWindB,12,7.06,4,1
4,1/18/2018,Up8c1,Up8,3,Tree,Window,Cup,1,180,0,1
344,03-02-18,Up8c1,Up8,3,Tree,Window,Cup,2,8.19,2,1
360,03-06-18,Up8c1,Up8,3,Tree,Window,Pre,3,NA,NA,1
374,03-09-18,Up8c1,Up8,3,Tree,Window,Pre,4,NA,NA,1
388,3/13/2018,Up8c1,Up8,3,Tree,Window,Trial,5,NA,NA,1
3,1/18/2018,Up8c2,Up8,2,Tree,Window,Cup,1,180,0,0
199,02-09-18,Up8c2,Up8,2,Tree,Window,Cup,2,6.16,1,0
208,2/13/2018,Up8c2,Up8,2,Tree,Window,Pre,3,8.62,4,0
223,2/16/2018,Up8c2,Up8,2,Tree,Window,Pre,4,5.06,2,0
236,2/20/2018,Up8c2,Up8,2,Tree,Window,Trial,5,9.29,2,0
251,2/21/2018,Up8c2,Up8,2,Tree,Window,Trial,6,7.75,4,0
264,2/22/2018,Up8c2,Up8,2,Tree,Window,Trial,7,16.16,5,0
272,2/23/2018,Up8c2,Up8,2,Tree,Window,Trial,8,13.5,8,0
285,2/27/2018,Up8c2,Up8,2,Tree,Window,TrialWindA,9,8.97,7,0
299,2/28/2018,Up8c2,Up8,2,Tree,Window,TrialWindB,10,10.25,1,0
314,03-01-18,Up8c2,Up8,2,Tree,Window,TrialWindA,11,6.12,5,0
328,03-02-18,Up8c2,Up8,2,Tree,Window,TrialWindB,12,4.69,2,0
1,1/18/2018,Up8c3,Up8,2,Fence,Window,Cup,1,180,0,0
198,02-09-18,Up8c3,Up8,2,Fence,Window,Cup,2,69.53,6,0
202,2/13/2018,Up8c3,Up8,2,Fence,Window,Pre,3,10.68,5,0
229,2/16/2018,Up8c3,Up8,2,Fence,Window,Pre,4,5.59,4,0
230,2/20/2018,Up8c3,Up8,2,Fence,Window,Trial,5,4.66,4,0
257,2/21/2018,Up8c3,Up8,2,Fence,Window,Trial,6,2.03,6,0
258,2/22/2018,Up8c3,Up8,2,Fence,Window,Trial,7,5.84,7,0
278,2/23/2018,Up8c3,Up8,2,Fence,Window,Trial,8,3.03,3,0
279,2/27/2018,Up8c3,Up8,2,Fence,Window,TrialWindA,9,3.25,3,0
293,2/28/2018,Up8c3,Up8,2,Fence,Window,TrialWindB,10,3.94,4,0
320,03-01-18,Up8c3,Up8,2,Fence,Window,TrialWindA,11,2.72,6,0
334,03-02-18,Up8c3,Up8,2,Fence,Window,TrialWindB,12,2.88,4,0
2,1/18/2018,Up8c4,Up8,3,Fence,No,Cup,1,180,0,0
343,03-02-18,Up8c4,Up8,3,Fence,No,Cup,2,12.22,3,0
359,03-06-18,Up8c4,Up8,3,Fence,No,Pre,3,4.85,10,0
373,03-09-18,Up8c4,Up8,3,Fence,No,Pre,4,2.53,6,0
386,3/13/2018,Up8c4,Up8,3,Fence,No,Trial,5,13.19,5,0
399,3/14/2018,Up8c4,Up8,3,Fence,No,Trial,6,47.44,6,0
413,3/15/2018,Up8c4,Up8,3,Fence,No,Trial,7,25.34,7,0
425,3/16/2018,Up8c4,Up8,3,Fence,No,Trial,8,21.5,10,0
439,3/20/2018,Up8c4,Up8,3,Fence,No,TrialWindA,9,5.81,5,0
452,3/21/2018,Up8c4,Up8,3,Fence,No,TrialWindB,10,25.29,8,0
467,3/22/2018,Up8c4,Up8,3,Fence,No,TrialWindA,11,10.88,2,0
480,3/23/2018,Up8c4,Up8,3,Fence,No,TrialWindB,12,6.53,9,0
16,1/18/2018,Up9c1,Up9,1,Fence,Window,Cup,1,180,0,0
45,1/19/2018,Up9c1,Up9,1,Fence,Window,Cup,2,180,0,0
56,1/23/2018,Up9c1,Up9,1,Fence,Window,Pre,3,180,0,0
70,1/26/2018,Up9c1,Up9,1,Fence,Window,Pre,4,138.19,1,0
84,1/30/2018,Up9c1,Up9,1,Fence,Window,Trial,5,83.84,3,0
99,1/31/2018,Up9c1,Up9,1,Fence,Window,Trial,6,2.6,2,0
112,02-01-18,Up9c1,Up9,1,Fence,Window,Trial,7,5.44,2,0
123,02-02-18,Up9c1,Up9,1,Fence,Window,Trial,8,27.94,1,0
136,02-06-18,Up9c1,Up9,1,Fence,Window,TrialWindA,9,153.75,1,0
151,02-07-18,Up9c1,Up9,1,Fence,Window,TrialWindB,10,58.63,5,0
164,02-08-18,Up9c1,Up9,1,Fence,Window,TrialWindA,11,8,3,0
175,02-09-18,Up9c1,Up9,1,Fence,Window,TrialWindB,12,22.47,4,0
17,1/18/2018,Up9c2,Up9,1,Tree,No,Cup,1,180,0,0
48,1/19/2018,Up9c2,Up9,1,Tree,No,Cup,2,180,0,0
64,1/23/2018,Up9c2,Up9,1,Tree,No,Pre,3,180,0,0
79,1/26/2018,Up9c2,Up9,1,Tree,No,Pre,4,180,0,0
92,1/30/2018,Up9c2,Up9,1,Tree,No,Trial,5,180,0,0
104,1/31/2018,Up9c2,Up9,1,Tree,No,Trial,6,180,0,0
119,02-01-18,Up9c2,Up9,1,Tree,No,Trial,7,180,0,0
131,02-02-18,Up9c2,Up9,1,Tree,No,Trial,8,150.87,3,0
146,02-06-18,Up9c2,Up9,1,Tree,No,TrialWindA,9,18.41,3,0
158,02-07-18,Up9c2,Up9,1,Tree,No,TrialWindB,10,17.53,1,0
171,02-08-18,Up9c2,Up9,1,Tree,No,TrialWindA,11,53.4,1,0
184,02-09-18,Up9c2,Up9,1,Tree,No,TrialWindB,12,10.22,6,0
18,1/18/2018,Up9c3,Up9,1,Tree,No,Cup,1,180,0,0
54,1/19/2018,Up9c3,Up9,1,Tree,No,Cup,2,180,0,0
59,1/23/2018,Up9c3,Up9,1,Tree,No,Pre,3,44.87,1,0
72,1/26/2018,Up9c3,Up9,1,Tree,No,Pre,4,10.47,1,0
87,1/30/2018,Up9c3,Up9,1,Tree,No,Trial,5,5.59,1,0
98,1/31/2018,Up9c3,Up9,1,Tree,No,Trial,6,5.19,1,0
111,02-01-18,Up9c3,Up9,1,Tree,No,Trial,7,37.79,1,0
126,02-02-18,Up9c3,Up9,1,Tree,No,Trial,8,4.12,1,0
138,02-06-18,Up9c3,Up9,1,Tree,No,TrialWindA,9,180,0,0
150,02-07-18,Up9c3,Up9,1,Tree,No,TrialWindB,10,31.09,1,0
163,02-08-18,Up9c3,Up9,1,Tree,No,TrialWindA,11,117.41,2,0
178,02-09-18,Up9c3,Up9,1,Tree,No,TrialWindB,12,1.84,1,0
19,1/18/2018,Up9c4,Up9,1,Fence,Window,Cup,1,180,0,0
50,1/19/2018,Up9c4,Up9,1,Fence,Window,Cup,2,180,0,0
62,1/23/2018,Up9c4,Up9,1,Fence,Window,Pre,3,180,0,0
77,1/26/2018,Up9c4,Up9,1,Fence,Window,Pre,4,49.56,1,0
90,1/30/2018,Up9c4,Up9,1,Fence,Window,Trial,5,180,0,0
109,1/31/2018,Up9c4,Up9,1,Fence,Window,Trial,6,180,0,0
117,02-01-18,Up9c4,Up9,1,Fence,Window,Trial,7,11.1,1,0
128,02-02-18,Up9c4,Up9,1,Fence,Window,Trial,8,11.44,1,0
143,02-06-18,Up9c4,Up9,1,Fence,Window,TrialWindA,9,16.19,1,0
156,02-07-18,Up9c4,Up9,1,Fence,Window,TrialWindB,10,46.82,5,0
169,02-08-18,Up9c4,Up9,1,Fence,Window,TrialWindA,11,27.91,4,0
180,02-09-18,Up9c4,Up9,1,Fence,Window,TrialWindB,12,8.28,1,0
